<?xml version="1.0" encoding="UTF-8"?>
<modification>
    <name>Simon Filters for OC2 - sf3 - 3.0.0 Build 0043</name>
    <code>OCMOD SF3</code>
    <version>sf3 - 3.0.0 Build 0043</version>
    <link>http://www.simonoop.com</link>
    <author>simonoop.com</author>

    <file path="catalog/model/catalog/product.php">

        <operation>
            <search><![CDATA[getProducts]]></search>
            <add position="after"><![CDATA[
				/*##########################################################################################
				##
				## SimonFilters - sf3 - 3.0.0 Build 0043
				##
				##########################################################################################*/
				    $backt = debug_backtrace();
				    $this->load->model("simonoop/sf3tools");
				    $this->model_simonoop_sf3tools->loadsf3();
				    if(is_object($this->model_simonoop_sf3)) {
				        $this->model_simonoop_sf3->setCaller($backt[1]['class']);
				        $this->model_simonoop_sf3->setOCFunction(__FUNCTION__);
				        if(isset($data))$data = $this->model_simonoop_sf3->initFilterSubCategories($data);
                    }
				/*##########################################################################################
				##
				## /SimonFilters - sf3 - 3.0.0 Build 0043
				##
				##########################################################################################*/
			]]></add>
        </operation>

        <!--
        <operation>
            <search><![CDATA[getProductSpecials]]></search>
            <add position="after"><![CDATA[
				/*##########################################################################################
				##
				## SimonFilters - sf3 - 3.0.0 Build 0043
				##
				##########################################################################################*/
				    $backt = debug_backtrace();
				    $this->load->model("simonoop/sf3tools");
				    $this->model_simonoop_sf3tools->loadsf3();
				    $this->model_simonoop_sf3->setCaller($backt[1]['class']);
				    $this->model_simonoop_sf3->setOCFunction(__FUNCTION__);
				    if(isset($data))$data = $this->model_simonoop_sf3->initFilterSubCategories($data);
				/*##########################################################################################
				##
				## /SimonFilters - sf3 - 3.0.0 Build 0043
				##
				##########################################################################################*/
			]]></add>
        </operation>
        -->

        <operation>
            <search><![CDATA[getTotalProducts]]></search>
            <add position="after"><![CDATA[
				/*##########################################################################################
				##
				## SimonFilters - sf3 - 3.0.0 Build 0043
				##
				##########################################################################################*/
				    $backt = debug_backtrace();
				    $this->load->model("simonoop/sf3tools");
				    $this->model_simonoop_sf3tools->loadsf3();
				    if(is_object($this->model_simonoop_sf3)) {
				        $this->model_simonoop_sf3->setCaller($backt[1]['class']);
				        $this->model_simonoop_sf3->setOCFunction(__FUNCTION__);
				        if(isset($data))$data = $this->model_simonoop_sf3->initFilterSubCategories($data);
                    }
				/*##########################################################################################
				##
				## /SimonFilters - sf3 - 3.0.0 Build 0043
				##
				##########################################################################################*/
			]]></add>
        </operation>

        <operation>
            <search><![CDATA[$query = $this->db->query($sql);]]></search>
            <add position="before"><![CDATA[
				/*##########################################################################################
				##
				## SimonFilters - sf3 - sf3 - 3.0.0 Build 0043
				##
				## Add filtering SQL
				##
				##########################################################################################*/
				if(is_object($this->model_simonoop_sf3)) {
			        $sql = $this->model_simonoop_sf3->addFilteringSQL($sql);
                }
				/*##########################################################################################
				##
				## /SimonFilters - sf3 - sf3 - 3.0.0 Build 0043
				##
				##########################################################################################*/
			]]></add>
        </operation>

        <operation>
            <search><![CDATA[public function getProducts(]]></search>
            <add position="before"><![CDATA[
				/*##########################################################################################
				##
				## SimonFilters - sf3 - sf3 - 3.0.0 Build 0043
				##
				## YMM compatibility layer
				##
				##########################################################################################*/
				public function sf3_get_ymm_where(){
					return $this->ymm_where;
				}
				/*##########################################################################################
				##
				## /SimonFilters - sf3 - sf3 - 3.0.0 Build 0043
				##
				##########################################################################################*/
			]]></add>
        </operation>
    </file>

</modification>